<?xml version="1.0" encoding="UTF-8"?>
<application version="7" xmlns="http://xmlns.jcp.org/xml/ns/javaee" xmlns:xsi="http://www.w3.org/2001/XMLSchema-instance" xsi:schemaLocation="http://xmlns.jcp.org/xml/ns/javaee http://xmlns.jcp.org/xml/ns/javaee/application_7.xsd">
  <display-name>Verkeer2</display-name>
  <module>
    <ejb>DummySourceAdapter.jar</ejb>
  </module>
  <module>
    <ejb>Thresholds.jar</ejb>
  </module>
  <module>
    <ejb>TrafficDataDownstreamAnalyser.jar</ejb>
  </module>
  <module>
    <ejb>DataProvider.jar</ejb>
  </module>
  <module>
    <ejb>GeoJsonProvider.jar</ejb>
  </module>
  <module>
    <web>
      <web-uri>RestApi.war</web-uri>
      <context-root>/RestApi</context-root>
    </web>
  </module>
  <module>
    <ejb>TrafficDataDAO.jar</ejb>
  </module>
  <module>
    <ejb>TrafficDataDownloader.jar</ejb>
  </module>
  <module>
    <ejb>DummyGeneralDAO.jar</ejb>
  </module>
  <module>
    <ejb>GoogleMapsSourceAdapter.jar</ejb>
  </module>
  <module>
    <ejb>TimerScheduler.jar</ejb>
  </module>
  <module>
    <ejb>TomTomSourceAdapter.jar</ejb>
  </module>
  <module>
    <ejb>Logger.jar</ejb>
  </module>
  <module>
    <ejb>DummyTimerScheduler.jar</ejb>
  </module>
  <module>
    <ejb>DummyTrafficDataDAO.jar</ejb>
  </module>
  <module>
    <ejb>GeneralDAO.jar</ejb>
  </module>
  <module>
    <ejb>CoyoteSourceAdapter.jar</ejb>
  </module>
  <module>
    <ejb>HereSourceAdapter.jar</ejb>
  </module>
  <module>
    <ejb>GeneralDAONoDB.jar</ejb>
  </module>
  <module>
    <ejb>TwitterHandler.jar</ejb>
  </module>
  <module>
    <ejb>LoginDAO.jar</ejb>
  </module>
  <module>
    <web>
      <web-uri>Verkeerscentrum.war</web-uri>
      <context-root>/web</context-root>
    </web>
  </module>
  <module>
    <ejb>Properties.jar</ejb>
  </module>
  <module>
    <ejb>WazeSourceAdapter.jar</ejb>
  </module>
</application>
