<?xml version="1.0" encoding="UTF-8"?>
<project xmlns="http://www.netbeans.org/ns/project/1">
    <type>org.netbeans.modules.j2ee.earproject</type>
    <configuration>
        <data xmlns="http://www.netbeans.org/ns/j2ee-earproject/2">
            <name>Verkeer2</name>
            <minimum-ant-version>1.6.5</minimum-ant-version>
            <web-module-libraries/>
            <web-module-additional-libraries>
                <library>
                    <file>${reference.TrafficDataDAO.dist-ear}</file>
                    <path-in-war>/</path-in-war>
                </library>
                <library>
                    <file>${reference.GeneralDAO.dist-ear}</file>
                    <path-in-war>/</path-in-war>
                </library>
                <library>
                    <file>${reference.TimerScheduler.dist-ear}</file>
                    <path-in-war>/</path-in-war>
                </library>
                <library>
                    <file>${reference.RestApi.dist-ear}</file>
                    <path-in-war>/</path-in-war>
                </library>
                <library>
                    <file>${reference.GoogleMapsSourceAdapter.dist-ear}</file>
                    <path-in-war>/</path-in-war>
                </library>
                <library>
                    <file>${reference.HereSourceAdapter.dist-ear}</file>
                    <path-in-war>/</path-in-war>
                </library>
                <library>
                    <file>${reference.TrafficDataDownloader.dist-ear}</file>
                    <path-in-war>/</path-in-war>
                </library>
                <library>
                    <file>${reference.TrafficDataDownstreamAnalyser.dist-ear}</file>
                    <path-in-war>/</path-in-war>
                </library>
                <library>
                    <file>${reference.GeoJsonProvider.dist-ear}</file>
                    <path-in-war>/</path-in-war>
                </library>
                <library>
                    <file>${reference.Thresholds.dist-ear}</file>
                    <path-in-war>/</path-in-war>
                </library>
                <library>
                    <file>${reference.DataProvider.dist-ear}</file>
                    <path-in-war>/</path-in-war>
                </library>
                <library>
                    <file>${reference.DummySourceAdapter.dist-ear}</file>
                    <path-in-war>/</path-in-war>
                </library>
                <library>
                    <file>${reference.DummyTimerScheduler.dist-ear}</file>
                    <path-in-war>/</path-in-war>
                </library>
                <library>
                    <file>${reference.DummyGeneralDAO.dist-ear}</file>
                    <path-in-war>/</path-in-war>
                </library>
                <library>
                    <file>${reference.DummyTrafficDataDAO.dist-ear}</file>
                    <path-in-war>/</path-in-war>
                </library>
                <library>
                    <file>${reference.TomTomSourceAdapter.dist-ear}</file>
                    <path-in-war>/</path-in-war>
                </library>
                <library>
                    <file>${reference.TomTomSourceAdapter.dist-ear}</file>
                    <path-in-war>/</path-in-war>
                </library>
                <library>
                    <file>${reference.Logger.dist-ear}</file>
                    <path-in-war>/</path-in-war>
                </library>
                <library>
                    <file>${reference.Properties.dist-ear}</file>
                    <path-in-war>/</path-in-war>
                </library>
                <library>
                    <file>${reference.TestModule.dist-ear}</file>
                    <path-in-war>/</path-in-war>
                </library>
                <library>
                    <file>${reference.WazeSourceAdapter.dist-ear}</file>
                    <path-in-war>/</path-in-war>
                </library>
            </web-module-additional-libraries>
        </data>
        <references xmlns="http://www.netbeans.org/ns/ant-project-references/1">
            <reference>
                <foreign-project>DataProvider</foreign-project>
                <artifact-type>j2ee_ear_archive</artifact-type>
                <script>build.xml</script>
                <target>dist-ear</target>
                <clean-target>clean-ear</clean-target>
                <id>dist-ear</id>
            </reference>
            <reference>
                <foreign-project>DummyGeneralDAO</foreign-project>
                <artifact-type>j2ee_ear_archive</artifact-type>
                <script>build.xml</script>
                <target>dist-ear</target>
                <clean-target>clean-ear</clean-target>
                <id>dist-ear</id>
            </reference>
            <reference>
                <foreign-project>DummySourceAdapter</foreign-project>
                <artifact-type>j2ee_ear_archive</artifact-type>
                <script>build.xml</script>
                <target>dist-ear</target>
                <clean-target>clean-ear</clean-target>
                <id>dist-ear</id>
            </reference>
            <reference>
                <foreign-project>DummyTimerScheduler</foreign-project>
                <artifact-type>j2ee_ear_archive</artifact-type>
                <script>build.xml</script>
                <target>dist-ear</target>
                <clean-target>clean-ear</clean-target>
                <id>dist-ear</id>
            </reference>
            <reference>
                <foreign-project>DummyTrafficDataDAO</foreign-project>
                <artifact-type>j2ee_ear_archive</artifact-type>
                <script>build.xml</script>
                <target>dist-ear</target>
                <clean-target>clean-ear</clean-target>
                <id>dist-ear</id>
            </reference>
            <reference>
                <foreign-project>GeneralDAO</foreign-project>
                <artifact-type>j2ee_ear_archive</artifact-type>
                <script>build.xml</script>
                <target>dist-ear</target>
                <clean-target>clean-ear</clean-target>
                <id>dist-ear</id>
            </reference>
            <reference>
                <foreign-project>GeoJsonProvider</foreign-project>
                <artifact-type>j2ee_ear_archive</artifact-type>
                <script>build.xml</script>
                <target>dist-ear</target>
                <clean-target>clean-ear</clean-target>
                <id>dist-ear</id>
            </reference>
            <reference>
                <foreign-project>GoogleMapsSourceAdapter</foreign-project>
                <artifact-type>j2ee_ear_archive</artifact-type>
                <script>build.xml</script>
                <target>dist-ear</target>
                <clean-target>clean-ear</clean-target>
                <id>dist-ear</id>
            </reference>
            <reference>
                <foreign-project>HereSourceAdapter</foreign-project>
                <artifact-type>j2ee_ear_archive</artifact-type>
                <script>build.xml</script>
                <target>dist-ear</target>
                <clean-target>clean-ear</clean-target>
                <id>dist-ear</id>
            </reference>
            <reference>
                <foreign-project>Logger</foreign-project>
                <artifact-type>j2ee_ear_archive</artifact-type>
                <script>build.xml</script>
                <target>dist-ear</target>
                <clean-target>clean-ear</clean-target>
                <id>dist-ear</id>
            </reference>
            <reference>
                <foreign-project>Properties</foreign-project>
                <artifact-type>j2ee_ear_archive</artifact-type>
                <script>build.xml</script>
                <target>dist-ear</target>
                <clean-target>clean-ear</clean-target>
                <id>dist-ear</id>
            </reference>
            <reference>
                <foreign-project>RestApi</foreign-project>
                <artifact-type>j2ee_ear_archive</artifact-type>
                <script>build.xml</script>
                <target>dist-ear</target>
                <clean-target>clean-ear</clean-target>
                <id>dist-ear</id>
            </reference>
            <reference>
                <foreign-project>TestModule</foreign-project>
                <artifact-type>j2ee_ear_archive</artifact-type>
                <script>build.xml</script>
                <target>dist-ear</target>
                <clean-target>clean-ear</clean-target>
                <id>dist-ear</id>
            </reference>
            <reference>
                <foreign-project>Thresholds</foreign-project>
                <artifact-type>j2ee_ear_archive</artifact-type>
                <script>build.xml</script>
                <target>dist-ear</target>
                <clean-target>clean-ear</clean-target>
                <id>dist-ear</id>
            </reference>
            <reference>
                <foreign-project>TimerScheduler</foreign-project>
                <artifact-type>j2ee_ear_archive</artifact-type>
                <script>build.xml</script>
                <target>dist-ear</target>
                <clean-target>clean-ear</clean-target>
                <id>dist-ear</id>
            </reference>
            <reference>
                <foreign-project>TomTomSourceAdapter</foreign-project>
                <artifact-type>j2ee_ear_archive</artifact-type>
                <script>build.xml</script>
                <target>dist-ear</target>
                <clean-target>clean-ear</clean-target>
                <id>dist-ear</id>
            </reference>
            <reference>
                <foreign-project>TrafficDataDAO</foreign-project>
                <artifact-type>j2ee_ear_archive</artifact-type>
                <script>build.xml</script>
                <target>dist-ear</target>
                <clean-target>clean-ear</clean-target>
                <id>dist-ear</id>
            </reference>
            <reference>
                <foreign-project>TrafficDataDownloader</foreign-project>
                <artifact-type>j2ee_ear_archive</artifact-type>
                <script>build.xml</script>
                <target>dist-ear</target>
                <clean-target>clean-ear</clean-target>
                <id>dist-ear</id>
            </reference>
            <reference>
                <foreign-project>TrafficDataDownstreamAnalyser</foreign-project>
                <artifact-type>j2ee_ear_archive</artifact-type>
                <script>build.xml</script>
                <target>dist-ear</target>
                <clean-target>clean-ear</clean-target>
                <id>dist-ear</id>
            </reference>
            <reference>
                <foreign-project>WazeSourceAdapter</foreign-project>
                <artifact-type>j2ee_ear_archive</artifact-type>
                <script>build.xml</script>
                <target>dist-ear</target>
                <clean-target>clean-ear</clean-target>
                <id>dist-ear</id>
            </reference>
        </references>
    </configuration>
</project>
