<?xml version="1.0" encoding="UTF-8"?>
<ejb-jar xmlns="http://xmlns.jcp.org/xml/ns/javaee"
        version="3.2"
        xmlns:xsi="http://www.w3.org/2001/XMLSchema-instance"
        xsi:schemaLocation="http://xmlns.jcp.org/xml/ns/javaee http://xmlns.jcp.org/xml/ns/javaee/ejb-jar_3_2.xsd">
<description>Data provider for jsf and rest</description>
    <display-name>DataProvider</display-name>
    <enterprise-beans>
        <session>
            <ejb-name>DataProvider</ejb-name>
            <remote>iii.vop2016.verkeer2.ejb.dataprovider.DataProviderRemote</remote>
            <local>iii.vop2016.verkeer2.ejb.dataprovider.DataProviderLocal</local>
            <ejb-class>iii.vop2016.verkeer2.ejb.dataprovider.DataProvider</ejb-class>
            <session-type>Singleton</session-type>
        </session>
    </enterprise-beans>
</ejb-jar>
